“X”,“Y”,"id","lon","lat","point","polygon","voltage","power_type","substation","osm_id","osm_www","frequency","name","ref","operator","dbahn","status","visible",“field_18”
"12.8405314272815","52.0012876976694","2090","12.8405314272815","52.0012876976694","0101000020E610000046DE9E225AAE29404DB0FD312A004A40","0101000020E610000046DE9E225AAE29404DB0FD312A004A40","110000","substation","NA","n1228124682","http://www.osm.org/node/1228124682","NA","Umspannwerk Feldheim","NA","Energiequelle GmbH","no","3","1",
"8.43787806884899","49.9980548955209","823","8.43787806884899","49.9980548955209","0101000020E610000020AFE28D31E0204003F04743C0FF4840","0101000020E610000020AFE28D31E0204003F04743C0FF4840","110000","station","NA","n1351857191","http://www.osm.org/node/1351857191","NA","NA","NA","NA","no","3","1",
"13.3166320599948","52.4404172942263","2","13.3166320599948","52.4404172942263","0101000020E6100000D815ED981DA22A40C0A509985F384A40","0101000020E6100000D815ED981DA22A40C0A509985F384A40","110000","substation","NA","n2092775605","http://www.osm.org/node/2092775605","50","Umspannwerk Klinikum Steglitz","NA","Klinikum Steglitz","no","3","1",
"13.2637918075099","52.5359964898871","5","13.2637918075099","52.5359964898871","0101000020E6100000736A44B80F872A40036B71889B444A40","0101000020E6100000736A44B80F872A40036B71889B444A40","110000","substation","NA","n2136571952","http://www.osm.org/node/2136571952","50","Umspannwerk Siemens Dynamowerk","NA","Siemens","no","3","1",
"13.1479240478922","52.4181182886916","6","13.1479240478922","52.4181182886916","0101000020E61000006AFA67B3BC4B2A4018E56BE684354A40","0101000020E61000006AFA67B3BC4B2A4018E56BE684354A40","110000","substation","NA","n2138055449","http://www.osm.org/node/2138055449","50","Umspannwerk Wannsee","NA","Vattenfall Europe AG","no","3","1",
"13.2875237701804","52.4513139636131","7","13.2875237701804","52.4513139636131","0101000020E6100000AB7ECB5036932A4026F9ECA7C4394A40","0101000020E6100000AB7ECB5036932A4026F9ECA7C4394A40","110000","sub_station","NA","n2138090713","http://www.osm.org/node/2138090713","50","Umspannwerk FU Thielallee","NA","Freie Universität Berlin","no","3","1",
"13.3693229226479","52.5388233698221","8","13.3693229226479","52.5388233698221","0101000020E610000015DFE4E417BD2A406EDA072AF8444A40","0101000020E610000015DFE4E417BD2A406EDA072AF8444A40","110000","substation","NA","n2515563457","http://www.osm.org/node/2515563457","NA","Umspannwerk Sellerstraße","NA","Vattenfall Europe AG","no","3","1",
"12.8224101622126","52.1535016977493","9","12.8224101622126","52.1535016977493","0101000020E6100000BD33DDF112A5294059DB91F1A5134A40","0101000020E6100000BD33DDF112A5294059DB91F1A5134A40","110000","sub_station","transmission","n3615474287","http://www.osm.org/node/3615474287","NA","Umspannwerk Schlalach","NA","Energiequellen GmbH","no","3","1",
"9.71393232482644","52.3522789017374","3244","9.71393232482644","52.3522789017374","0101000020E6100000A85FA589886D23403B049D79172D4A40","0101000020E6100000A85FA589886D23403B049D79172D4A40","110000","substation","industrial","n503049407","http://www.osm.org/node/503049407","50","NA","VLB","Stadtwerke_Hannover_AG","no","3","1",
"12.0616872250473","50.905095478917","1568","12.0616872250473","50.905095478917","0101000020E61000008351CC77951F284061DA2C2BDA734940","0101000020E61000008351CC77951F284061DA2C2BDA734940","110000","substation","NA","n789439458","http://www.osm.org/node/789439458","50","Umspannwerk Gera Nord","NA","Thüringer_Energienetze","no","3","1",
"9.78151572775425","52.403223911935","3245","9.78151572775425","52.403223911935","0101000020E61000003F0758D422902340F25C55D79C334A40","0101000020E61000003F0758D422902340F25C55D79C334A40","110000","substation","NA","n924018211","http://www.osm.org/node/924018211","50","NA","NA","Stadtwerke_Hannover_AG","no","3","1",
"6.91312757950706","49.2949114994266","1929","6.91312757950706","49.2949114994266","0101000020E6100000E33B8CEA0AA71B4038A0F6A8BFA54840","0103000020E61000000100000007000000FE551A9E34A61B40E66CBB05B6A548403646F7D0ECA61B40DADC449DC5A5484029B451E181A71B4048D737BBD0A548401FEB571FE0A71B40D0050723C8A5484055D4AB724CA71B409EA50C5CBDA54840785AD14EA2A61B40000568AFAEA54840FE551A9E34A61B40E66CBB05B6A54840","110000","substation","NA","w104907160","http://www.osm.org/way/104907160","NA","UA Köllerbach","NA","Energis","no","2","1",
"7.01293142485719","51.463799142042","2444","7.01293142485719","51.463799142042","0101000020E6100000CA683BE53D0D1C40DC7D31C55DBB4940","0103000020E61000000100000005000000DB80A859000D1C400F15BAE260BB49400F67751C6E0D1C40EC20584A62BB49404859ACAF7A0D1C40F402979D5ABB4940F8ABA3620E0D1C40F3C5C44059BB4940DB80A859000D1C400F15BAE260BB4940","110000","substation","distribution","w106742951","http://www.osm.org/way/106742951","NA","NA","NA","NA","no","2","1",
"10.6352476599936","53.7306151287913","3074","10.6352476599936","53.7306151287913","0101000020E6100000DB10692E3F452540890FEACB84DD4A40","0103000020E610000001000000060000001A3060A317452540B7393FA67CDD4A40729B3FEE23452540C1B481C38DDD4A40587A47E76645254016F8D3E28CDD4A404A6ADBC460452540246775A884DD4A406C3C47815A452540FBB687DE7BDD4A401A3060A317452540B7393FA67CDD4A40","110000","substation","distribution","w130714013","http://www.osm.org/way/130714013","50","Umspannwerk Berkenthin","NA","NA","no","1","1",
"12.1960686291246","50.4373304091738","1602","12.1960686291246","50.4373304091738","0101000020E61000003EB97B1B636428404E795E71FA374940","0103000020E61000000100000008000000C3F0ADFAD4632840D5B803FDF63749409EE5792F5D642840924538F713384940D3BA3C5AD2642840A6270B39043849409C2CD2B3CE642840684B13CAF9374940A14E4E548B64284067018AC9EC374940A17A993EB36428400030B350E6374940C5CC1820A3642840EF0A6727DE374940C3F0ADFAD4632840D5B803FDF6374940","110000","substation","distribution","w165822494","http://www.osm.org/way/165822494","50","Umspannwerk Droßdorf","NA","enviaM","no","1","1",
"11.9873101287374","52.7184127755332","1231","11.9873101287374","52.7184127755332","0101000020E610000095DF93B680F92740CAF827F3F45B4A40","0103000020E6100000010000000800000025E05E4A2BF92740D8FE0547025C4A40C5D1CF77BBF927402F246CC1035C4A40AA4710BAC9F9274096755BCAE75B4A402D69621DBBF927400E322AB2E75B4A40B3526736B1F9274064B803A4E75B4A402E90BFABB0F9274001CB9DEAE55B4A405804C89B56F92740FD4B59D2E45B4A4025E05E4A2BF92740D8FE0547025C4A40","110000","substation","NA","w167005487","http://www.osm.org/way/167005487","50","NA","NA","EON_Avacon","no","1","1",
"12.963272317052","48.8174159724632","761","12.963272317052","48.8174159724632","0101000020E6100000E1C2750732ED29408B7A2A16A1684840","0103000020E6100000010000000C000000B8E0BB93F7EC29407DA0FF1B9D68484046976E2C1EED2940E75B4636AB6848404CA18B0A62ED29403286AA2EA668484094CA8B4E6AED2940C2133FDAA3684840EC092D1D48ED2940275DCF59976848400E6DC3042AED29403BB46C9599684840E1D88B6622ED2940E9E218C099684840A050FB251CED2940E155FACA98684840EA9542A211ED2940BE86F391996848403C397CA512ED294088CEF4959A68484060C877530FED2940FFB676589B684840B8E0BB93F7EC29407DA0FF1B9D684840","110000","substation","distribution","w168614737","http://www.osm.org/way/168614737","50","Umspannwerk Fischerdorf","NA","NA","no","1","1",
"12.3736240351741","51.449092498634","2152","12.3736240351741","51.449092498634","0101000020E61000001F2548A64BBF28408E41EDDC7BB94940","0103000020E61000000100000005000000220FFB8DC5BE2840836CF2AB89B94940D8302168B0BF28406841EE808EB949408DCF92B3CDBF28404DA1AE1D6EB949400469E729EDBE284058F489BF68B94940220FFB8DC5BE2840836CF2AB89B94940","110000","substation","distribution","w173195068","http://www.osm.org/way/173195068","50","NA","NA","NA","no","1","1",
"9.11221143167468","53.9554462185286","1690","9.11221143167468","53.9554462185286","0101000020E6100000698FDAC67339224067D5CA0F4CFA4A40","0103000020E61000000100000006000000A226FF64203922404B0F90E250FA4A40A56D7E337E39224049A6EC6A58FA4A407D15BD7BC53922408293E93747FA4A40E19128AB88392240997CB4FD41FA4A40A83B32996C392240BE6CB4923FFA4A40A226FF64203922404B0F90E250FA4A40","110000","substation","distribution","w179162748","http://www.osm.org/way/179162748","NA","Umspannwerk Dingen","NA","EON_Netz","no","1","1",
"7.97615042667922","51.4908114003162","2355","7.97615042667922","51.4908114003162","0101000020E610000035413AFA93E71F40536E70E8D2BE4940","0103000020E6100000010000000E000000905901D9D6E61F406B611C77D9BE49404DF53928CEE71F40FFB945D5E0BE49408B6B6C5645E81F404EA63649CABE4940C9AB6A7436E81F40405E4270C8BE49408EE684B10FE81F4019C452CFC7BE4940FD9E9A7F07E81F4009177CA0CABE4940414E95BCFCE71F40E20FAA77CABE4940A897872104E81F40FE4AA69CC7BE494076209033AEE71F40FFA1F248C6BE4940759085CA76E71F4099496A4FC8BE4940F526BB2063E71F40427B005ACCBE4940465B057359E71F400E5D5018CCBE4940141066DD24E71F40927B8481CABE4940905901D9D6E61F406B611C77D9BE4940","110000","station","NA","w180724895","http://www.osm.org/way/180724895","NA","Station Ense","NA","RWE","no","2","1",
"14.6491840959221","50.9702746777215","2066","14.6491840959221","50.9702746777215","0101000020E610000024239ADB614C2D40B579ECF5317C4940","0103000020E6100000010000000A0000001B8BFD9AE04B2D4037EFED15337C4940070B68292C4C2D40F0220A493C7C4940DB002DD6784C2D40A62233A0457C494091BAB829D94C2D4007AE4634317C494004B05732D74C2D40E0E8BFE92E7C49405A65FCB5604C2D4004A06186207C494001BDA09E474C2D40AC735A531F7C4940CF8D2E650D4C2D40095008FB2B7C49407D975957E84B2D4001619109317C49401B8BFD9AE04B2D4037EFED15337C4940","110000;20000","substation","distribution","w201209025","http://www.osm.org/way/201209025","50","Umspannwerk Neueibau","NA","ENSO","no","1","1",
"7.9720046696272","51.6803346264342","2357","7.9720046696272","51.6803346264342","0101000020E6100000B06E2E3155E31F40886F7D3415D74940","0103000020E610000001000000050000005C25F8B2F3E21F40F9D8F4AF1DD749403C95F61E39E31F402FA1985A20D749408CB1E1AEB6E31F402DB562B90CD74940AF41E34271E31F4089FF440E0AD749405C25F8B2F3E21F40F9D8F4AF1DD74940","110000","sub_station","NA","w202580127","http://www.osm.org/way/202580127","50","NA","NA","NA","no","1","1",
"11.9669535121821","52.5687774255968","1276","11.9669535121821","52.5687774255968","0101000020E61000003426DF8714EF27401ED2DCB2CD484A40","0103000020E6100000010000000700000063A5A45DC0EE274047AC11D2CF484A404D3B21BC29EF2740FA5859D8D9484A40F6DF452358EF274050698A44CF484A402BE393BC56EF274018264E46CD484A405C77E53651EF2740DCA5A975C5484A40761EF212EEEE27401FED3864C4484A4063A5A45DC0EE274047AC11D2CF484A40","110000","substation","distribution","w202617274","http://www.osm.org/way/202617274","50","NA","NA","NA","no","1","1",
"9.17680398209272","48.820910968354","3450","9.17680398209272","48.820910968354","0101000020E610000019C8310D865A22400F01519C13694840","0103000020E61000000100000012000000457A10C2F25922407C92D3FB37694840FA65028C575A224075CDF8972C6948406C608FF0875A2240B7C4C9222569484046D186D4915A22408B652EAA2169484036736095A05A2240E69F48DF2269484006AC9550EA5A2240492307890869484081104B54DF5A22408011B56503694840C9FCCECBDA5A2240D98BCBC9FC684840D5012598D85A2240BDC068B0F8684840BC451940D55A22407DBD8C5DF8684840EF8BD7E7D05A2240F9DADFF2F7684840D3CFB1B3DA5A22403BC53CB3F168484052F1F6A8D25A224062A9C1EBEF684840A657C14DC05A2240EA542EC0F3684840179BF328BD5A22405441526DF3684840DDA8AF27B75A2240D7673EB5F26848405BE62179A95A22405D5663A5F3684840457A10C2F25922407C92D3FB37694840","110000","substation","NA","w232482056","http://www.osm.org/way/232482056","NA","Umspannwerk Seewiesen","NA","NA","no","2","1",
"11.1086537453127","50.6591713346542","1622","11.1086537453127","50.6591713346542","0101000020E61000005E69B576A13726407166EEB95F544940","0103000020E61000000100000007000000297D62F761372640713E045658544940194699466637264088E540DF64544940DEF483228337264054DE44E2675449405074059AE23726409126BE00665449400B613E70E4372640716377095F544940AF866F74CD3726400970AF4758544940297D62F761372640713E045658544940","110000","substation","NA","w23302636","http://www.osm.org/way/23302636","NA","Umspannwerk Königsee","NA","NA","no","2","1",
"7.43575154169747","51.5182788145984","2518","7.43575154169747","51.5182788145984","0101000020E6100000BB16F3A635BE1D407574CFF556C24940","0103000020E6100000010000000B0000001C4F1D4892BD1D406B5C61974DC24940B3F9DAEEDEBD1D40B8F974615EC2494078490E8411BE1D408D6785B563C24940442A938E18BE1D40FF1CE67364C2494036629FB234BE1D40F6FCB65967C24940711A222DF8BE1D40397D0AD05BC24940463E7FB6C7BE1D40FEA5A13D57C249409BF9315834BE1D407481D55949C249408CD9A7A700BE1D401CD3350047C24940AB8AD161E1BD1D40B3F10FC748C249401C4F1D4892BD1D406B5C61974DC24940","110000","station","NA","w24850805","http://www.osm.org/way/24850805","50","Union","NA","RWE","no","1","1",
"6.92284962989552","51.3318241205893","2529","6.92284962989552","51.3318241205893","0101000020E6100000981B4E7EFFB01B4040FA783679AA4940","0103000020E610000001000000060000007568E79A4EB01B400DC1505480AA49402FF8DC6393B11B407BC6D6F982AA49405C70DA37A7B11B409A3D8F1683AA49409B6D4E6BA8B11B4090EAFC5172AA4940425F985166B01B40C98891C06EAA49407568E79A4EB01B400DC1505480AA4940","110000","station","NA","w25057327","http://www.osm.org/way/25057327","NA","Station Hösel","NA","RWE","no","2","1",
"10.7698948803906","52.1528671844281","3011","10.7698948803906","52.1528671844281","0101000020E6100000744569A92F8A254005E0E22691134A40","0103000020E61000000100000009000000117DA4CFF7892540BC206B3789134A407B409C3B128A254081823B4696134A4087A9B1861F8A2540A859BBAC95134A4080C5B7982D8A25403CB418559D134A40F398014B5B8A2540E5A7753A9B134A402E0036AD558A2540A295D06597134A4027438CDF5F8A254014E729CE96134A401223DBE43F8A2540216AD23286134A40117DA4CFF7892540BC206B3789134A40","110000","substation","distribution","w285389487","http://www.osm.org/way/285389487","50","Schöppenstedt","NA","EON_Netz","no","1","1",
"7.83594100104577","48.109986851425","3472","7.83594100104577","48.109986851425","0101000020E61000001F82F3EA00581F4027EE940C140E4840","0103000020E6100000010000000B000000336777516A571F409BD4F4630A0E48402A886BBFAA571F402ACC6925120E48402FC0130C78571F40DEF08755150E484010C01CE1F4571F407678D2DA230E48404C2143250C581F40297AE6A7220E48406336EB371D581F400D02C0DF220E484042F36922AA581F40013324A6160E48402201F6013B581F40E984F7150A0E48406C6284B61D581F405BDFD9910B0E48404FA771D6DE571F40D46FEDD6030E4840336777516A571F409BD4F4630A0E4840","110000","station","NA","w29313512","http://www.osm.org/way/29313512","NA","Umspannwerk Teningen","NA","EnBW","no","2","1",
"10.4083768661149","53.2706891486707","3143","10.4083768661149","53.2706891486707","0101000020E610000036D0C8C516D124401A7628F1A5A24A40","0103000020E6100000010000000700000009963A5BEAD02440EE1FCD01B5A24A40D497E78B17D1244070524A01B7A24A404D1DC5B532D12440BE48234CA6A24A403EA364AC4DD12440B3DC135E98A24A408AEEE09012D12440C8E1C71C96A24A40F216ABCFF3D02440B8E6AEF4A6A24A4009963A5BEAD02440EE1FCD01B5A24A40","110000","substation","distribution","w36907116","http://www.osm.org/way/36907116","50","Lüneburg Nord","NA","EON_Avacon","no","1","1",
"14.4757090221542","51.7930724346008","2078","14.4757090221542","51.7930724346008","0101000020E6100000F920092290F32C4014FCC46583E54940","0103000020E6100000010000000600000071B06C5B70F32C4090073EB383E54940981D202196F32C40E0581C3E88E54940018861F6AFF32C401783D51A83E54940DB1AAE308AF32C40D328F68F7EE5494075AA6BAB86F32C407DE3AE387FE5494071B06C5B70F32C4090073EB383E54940","110000","substation","transmission","w42874788","http://www.osm.org/way/42874788","50","Cottbus/Halde","NA","envia","no","1","1",
"7.56339353215582","51.4876505098987","2605","7.56339353215582","51.4876505098987","0101000020E61000007B8CED3BEA401E4046F2F7546BBE4940","0103000020E6100000010000000500000074752BD12E401E403F88D2D76FBE4940AD63D5ED7E411E40EF6362A274BE4940F86A8D49B0411E4064F26C2B67BE4940ADCB21E34A401E40060E9FF961BE494074752BD12E401E403F88D2D76FBE4940","110000","substation","distribution","w52521778","http://www.osm.org/way/52521778","50","NA","NA","NA","no","1","1",
"8.99564166548284","53.9600523844024","1807","8.99564166548284","53.9600523844024","0101000020E61000004A918FBEC4FD21403DBA1CFFE2FA4A40","0103000020E61000000100000006000000D98E93652DFD214038458D4CF2FA4A40A47CBCDB5CFE2140B3F3AAF0E8FA4A4077D265FF3DFE2140BAD229C4D3FA4A406692B90EA2FD214088CC1CA5D8FA4A4069C559234AFD2140B8200E66DBFA4A40D98E93652DFD214038458D4CF2FA4A40","110000;20000","substation","distribution","w60106431","http://www.osm.org/way/60106431","50","Umspannwerk Marne-West","STUW46210","Schleswig-Holstein Netz AG","no","1","1",
"9.21813676241383","54.0132725531589","1808","9.21813676241383","54.0132725531589","0101000020E6100000D33E299FAF6F224041E03EEAB2014B40","0103000020E61000000100000008000000572A19F3666F2240A4331842B2014B40D124E77D766F224058EB1F80B8014B4063AE4846B76F2240A8A86A81BF014B40C0CA8ED8067022408537576BB1014B40E087FB189A6F224077332B31A6014B4085EA9B7B966F22409C42AE0DA7014B4009CF8BEE6D6F22407F51B2B2B0014B40572A19F3666F2240A4331842B2014B40","110000","substation","distribution","w60119192","http://www.osm.org/way/60119192","50","Umspannwerk Quickborn Dithmarschen","STUW46040","EON_Netz","no","1","1",
"7.3094633669411","52.3929749903447","2856","7.3094633669411","52.3929749903447","0101000020E6100000C84901F7E33C1D4095D625014D324A40","0103000020E610000001000000060000003F99486C623C1D407C14020451324A401EF31A2C973C1D40E96DA67652324A408F50474D263D1D40DE18596456324A400A29C081653D1D4024984BFE48324A40BA71C1A0A13C1D401650F19D43324A403F99486C623C1D407C14020451324A40","110000","sub_station","NA","w60261691","http://www.osm.org/way/60261691","50","NA","NA","RWE","no","1","1",
"10.7746504359207","54.2967732460442","3175","10.7746504359207","54.2967732460442","0101000020E6100000013960FB9E8C2540310B6DAAFC254B40","0103000020E610000001000000050000003DA0FAC9518C25404F19B9E2F8254B408FB7F7FD9C8C2540342DC38A08264B40757AC52CEC8C25409613257200264B402463C8F8A08C254087D714CAF0254B403DA0FAC9518C25404F19B9E2F8254B40","110000","sub_station","NA","w68834307","http://www.osm.org/way/68834307","NA","NA","NA","NA","no","2","1",
"7.65431368204247","47.6051440709692","3558","7.65431368204247","47.6051440709692","0101000020E61000007FCAE667049E1E402C17655C75CD4740","0103000020E61000000100000005000000C34A9F32539D1E404131A98B73CD474099C68522799D1E40C2A38B737ECD4740BEAAB75EB39E1E407A14F64D77CD4740DA9E5127919E1E40421FCC356CCD4740C34A9F32539D1E404131A98B73CD4740","110000","sub_station","NA","w88538897","http://www.osm.org/way/88538897","NA","NA","NA","NA","no","2","1",
"10.5355119523585","49.1607178883042","729","10.5355119523585","49.1607178883042","0101000020E61000006CFE639F2E12254005135D6792944840","0103000020E6100000010000000A000000583AF0639D1125409B3935B08D9448406A4F712CC21125404A62314BA1944840F275F211C51125400ACA66D6A29448401BAB3EB1FC112540D3AF2D4CA194484000DEF4081B1225404BA55375A0944840E19B93B558122540E6BEE45F9D9448406D3BFADFBD1225407120B03A949448400F4BF2C99C12254004CE771381944840E85F853FD511254064E00BEE8A944840583AF0639D1125409B3935B08D944840","110000","substation","transmission","w95031687","http://www.osm.org/way/95031687","NA","Umspannwerk Waizendorf","NA","NA","no","1","1",
"10.971578323884","52.1293718613776","1354","10.971578323884","52.1293718613776","0101000020E6100000382BCDB672F12540D7D1D4418F104A40","0103000020E610000001000000050000008B9481A43BF125402FFA59018A104A403F1DC74348F1254097A183E596104A407503AEE2A8F1254020DF4FB594104A4085E1CD6A9DF125402215BA7F87104A408B9481A43BF125402FFA59018A104A40","110000","substation","distribution","w97870164","http://www.osm.org/way/97870164","50","NA","NA","EON_Netz","no","1","1",
"9.03861521866635","54.1797820503859","1846","9.03861521866635","54.1797820503859","0101000020E61000008999BA5FC51322405F68251903174B40","0103000020E610000001000000090000004B9130156A13224050B5A25E07174B40D00F2185D0132240AEDCBC2D0D174B40E28E89C6DA132240577B952E09174B40A67AE3000B14224034795FBE0B174B405AC09EB527142240641AC25300174B400E015FA018142240F746DD7DFF164B40BE0BC43097132240454EC056F8164B400C675135901322401642C3E2F7164B404B9130156A13224050B5A25E07174B40","110000","substation","distribution","w98640208","http://www.osm.org/way/98640208","50","Umspannwerk Wöhrden","STUW46680","Schleswig-Holstein Netz AG","no","1","1",
"12.1723614114189","47.8719492808302","735","12.1723614114189","47.8719492808302","0101000020E6100000D74542C13F582840D677B6089CEF4740","0103000020E61000000100000005000000E8ED569EF5572840420F7B4198EF4740500AF83217582840EF992416A7EF4740AA6393478758284015F1A323A1EF4740488FAB1F67582840A49A832A90EF4740E8ED569EF5572840420F7B4198EF4740","110000","substation","NA","w98730498","http://www.osm.org/way/98730498","NA","Umspannwerk Stephanskirchen","NA","E.ON Netz GmbH","no","2","1",
"13.3263229056168","52.5142138997217","1","13.3263229056168","52.5142138997217","0101000020E6100000A41EBFCB13A72A40043AD5C2D1414A40","0101000020E6100000A41EBFCB13A72A40043AD5C2D1414A40","110000","substation","NA","n2086373623","http://www.osm.org/node/2086373623","50","Umspannwerk TU Nord","NA","Technische Universität Berlin","no","3","1",
"13.3181280244374","52.4372190815534","3","13.3181280244374","52.4372190815534","0101000020E6100000B2CC29ADE1A22A40BA3A7CCBF6374A40","0101000020E6100000B2CC29ADE1A22A40BA3A7CCBF6374A40","110000","substation","NA","n2092808665","http://www.osm.org/node/2092808665","50","Umspannwerk FU-Krahmerstraße","NA","Freie Universität","no","3","1",
"13.4602644992564","52.4354701028572","4","13.4602644992564","52.4354701028572","0101000020E6100000D2A1D7C9A7EB2A402114FD7BBD374A40","0101000020E6100000D2A1D7C9A7EB2A402114FD7BBD374A40","110000","substation","NA","n2094150035","http://www.osm.org/node/2094150035","50","Umspannwerk Krankenhaus Neukölln","NA","Vivantis Krankenhaus Neukölln","no","3","1",
"10.0039731772407","53.5902987803595","3060","10.0039731772407","53.5902987803595","0101000020E6100000B19EB4C508022440A04112E98ECB4A40","0101000020E6100000B19EB4C508022440A04112E98ECB4A40","110000","substation","NA","n4006538989","http://www.osm.org/node/4006538989","50","Umspannwerk Winterhude","NA","Stromnetz Hamburg GmbH","no","3","1",
"10.0410648848166","53.5661457739306","3061","10.0410648848166","53.5661457739306","0101000020E61000002F9AE2740615244078E6F77677C84A40","0101000020E61000002F9AE2740615244078E6F77677C84A40","110000","substation","NA","n4035129039","http://www.osm.org/node/4035129039","50","Umspannwerk Eilbek","NA","Stromnetz Hamburg GmbH","no","3","1",
"7.32664410143695","49.3914359512725","1948","7.32664410143695","49.3914359512725","0101000020E6100000806994CA7B4E1D40D698C0921AB24840","0103000020E61000000100000005000000C95BE2C7E14D1D40454775E814B2484013A5044C524E1D400CF60A562BB2484081D5ABE4154F1D40FDEEC7641CB248406247F742B64E1D40491576250CB24840C95BE2C7E14D1D40454775E814B24840","110000","station","NA","w139522672","http://www.osm.org/way/139522672","NA","NA","NA","Pfalzwerke?","no","2","1",
"10.2349009799548","49.9788196875034","384","10.2349009799548","49.9788196875034","0101000020E61000008E68F5F0447824400341A9F649FD4840","0103000020E61000000100000007000000C1CE40260F7824405938685348FD4840ECED7AF5287824403552AE3D4BFD4840212930B51578244024DD4BA64FFD484070C63450477824407F56AF4055FD4840FB2E2DCC82782440F2EDFBA347FD4840E0CCEA5E377824401D20CA1F3FFD4840C1CE40260F7824405938685348FD4840","110000","substation","distribution","w140594474","http://www.osm.org/way/140594474","NA","Umspannwerk Heidenfeld","NA","NA","no","2","1",
"9.22001297622336","49.2091123992922","1481","9.22001297622336","49.2091123992922","0101000020E61000005F26738AA5702240F112F231C49A4840","0103000020E61000000100000008000000A1347F26697022401CE557E1C89A48405EC1E0F3CF7022401A72B8C8CA9A484046C24AB1DC7022404185DE1FC89A4840C9527F57DF702240E5D9A46FC19A4840870263ABC0702240DC8429AFBC9A4840E1B0D94EB67022402FF347C7BE9A4840E3C7322B7170224059D0671FBE9A4840A1347F26697022401CE557E1C89A4840","110000","sub_station","NA","w142047364","http://www.osm.org/way/142047364","NA","NA","NA","NA","no","2","1",
"7.63633035722227","51.506335693452","2459","7.63633035722227","51.506335693452","0101000020E6100000F5E2662F9A8B1E404616A69BCFC04940","0103000020E610000001000000070000006EAAED80D88A1E40A3F944BAD8C0494039D578E7218C1E403F576808DCC0494092BA50CB478C1E4060A878EDC5C049409D0096FE1B8B1E408E1482D1C2C0494082921D79178B1E4060916080C7C049404126C702058B1E40220C87CBCDC049406EAAED80D88A1E40A3F944BAD8C04940","110000","substation","distribution","w145814205","http://www.osm.org/way/145814205","50","NA","NA","NA","no","1","1",
"13.7330503162595","51.2139776179266","2106","13.7330503162595","51.2139776179266","0101000020E61000004950FD5E52772B4012895B9E639B4940","0103000020E61000000100000009000000E0F2F2F9E3762B401672763F629B494029596F0AF9762B40A069A7016B9B4940EEC9CAC551772B4085895CEA689B4940F2865AB754772B409C28DB7C6B9B4940B5A908C4BB772B40AF680836659B4940CE44DF879F772B404A99BD3F5A9B4940C0032DB145772B40CE29DAAE5F9B49406B7C200A3F772B403070B61E5D9B4940E0F2F2F9E3762B401672763F629B4940","110000","substation","distribution","w148087099","http://www.osm.org/way/148087099","50","Umspannwerk Radeburg","NA","ENSO","no","1","1",
"7.64048364436494","50.3851630571654","3591","7.64048364436494","50.3851630571654","0101000020E610000064AEC8F1DA8F1E409513E7054D314940","0103000020E6100000010000000D0000000DD82F91558F1E401EE692B0423149402294149F6C8F1E40496264424A31494033886D416B8F1E4041ADCABE583149407AFF0058728F1E409A583E5B5C314940015066594F901E400FF3C0295C31494072776BD851901E402BE3924945314940728EAAD819901E40AA087F4C3C31494090999D7DB28F1E40268E400B3D314940465A641FA08F1E40317A8F373E3149404CC96DAC9D8F1E409ACABED53F31494043E06B86868F1E4037DA8CDA3F314940C712FC39568F1E40216879B73F3149400DD82F91558F1E401EE692B042314940","110000","substation","transmission","w152403711","http://www.osm.org/way/152403711","NA","Station Urbar","NA","NA","no","1","1",
"9.75494420051736","50.6947914883718","3259","9.75494420051736","50.6947914883718","0101000020E6100000C80DD70B88822340520C70EDEE584940","0103000020E61000000100000007000000758F5EAE418223400D6C6A61F858494012CA4D08B2822340D5E40E47FC5849403C90D140CB822340CC4A919CEB584940A0112BCCC082234087718968EB584940BA26FA28BE822340C4498A0AE4584940DB4726E8608223409E584439E1584940758F5EAE418223400D6C6A61F8584940","110000","sub_station","NA","w153023232","http://www.osm.org/way/153023232","NA","NA","NA","NA","no","2","1",
"8.03036505801126","51.8497916582674","2714","8.03036505801126","51.8497916582674","0101000020E6100000F43246028C0F204005561AF9C5EC4940","0103000020E6100000010000000E00000000FF2089230F2040D73E5C39A9EC4940E57461CB310F204096F79A09C4EC4940CA1C0884440F204091122FAFD4EC4940E90486105C0F2040DDC51848E2EC49404916DD968F0F2040B5D5D630E3EC4940B57F0B18F20F20400BEB9973D4EC494031B7556F0E10204077D83BCECDEC4940EA3FC258071020408154F0B6CCEC49406D5B069E15102040975A7A93C8EC49407A98DD6CF40F204031C86712C2EC49402D436BF4D70F2040404BCC7DBCEC494025F6B6BDAA0F204021617EA0B3EC4940BA967162A60F2040B858AFBCABEC494000FF2089230F2040D73E5C39A9EC4940","110000","substation","NA","w155511512","http://www.osm.org/way/155511512","50","NA","NA","NA","no","1","1",
"12.2254081358127","51.8825784381312","1218","12.2254081358127","51.8825784381312","0101000020E6100000AA22F7B168732840CEF68B54F8F04940","0103000020E61000000100000005000000D09809FA1D732840C695550BFEF04940E0C8975C8C7328404D71E0C000F14940E82B783FCA7328402FB15168F3F049406576406B2673284051254EB2F0F04940D09809FA1D732840C695550BFEF04940","110000","substation","distribution","w155811522","http://www.osm.org/way/155811522","50","NA","NA","NA","no","1","1",
"7.88942175724025","50.7809047653438","2348","7.88942175724025","50.7809047653438","0101000020E61000007ECABE93C48E1F409638F6AFF4634940","0103000020E6100000010000000800000026C58943348E1F400F324738EF634940E7DC148C998E1F4096D4283B07644940E58D3AADFD8E1F4020B92744046449404DEC456A5E8F1F40B2E8038AFB634940E898774DF28E1F4091030AE6E263494007D0B5DCB28E1F40B024B36DE4634940F52A1D3D5D8E1F40A37A0F7FE663494026C58943348E1F400F324738EF634940","110000","station","NA","w159656193","http://www.osm.org/way/159656193","NA","Station Betzdorf","NA","RWE","no","2","1",
"11.5721070183615","52.0553093707048","1230","11.5721070183615","52.0553093707048","0101000020E61000008D590B36EB242740712BA16014074A40","0103000020E61000000100000008000000F7E352D230242740B94FF1251B074A40135F6FC35D252740A68506E31F074A40D7F73A6163252740CBF6BA221F074A40D9DB0D0569252740F6461E601E074A40B21F9A3C9A252740323368591F074A407BF5EE14A6252740F61B7BA80D074A40D106AA75422427406D59405508074A40F7E352D230242740B94FF1251B074A40","110000","substation","distribution","w162015293","http://www.osm.org/way/162015293","50","NA","NA","NA","no","1","1",
"12.3358113652016","49.869811823709","2139","12.3358113652016","49.869811823709","0101000020E6100000F7549E77EFAB284086406CFE55EF4840","0103000020E6100000010000000A0000002C991FE7A7AB284075B46B4B56EF4840DFC286F5DDAB2840B98271215BEF48400ED7C44AE2AB2840A3FE032D5DEF4840B31D3851E4AB284071BCD4205EEF484007140D5F09AC28404503D07161EF48405810E31C18AC284082520B2C5DEF48400967A8692DAC28403E9B27FE56EF48400D080BFF35AC28400171718054EF4840E39B5D1FCEAB28404A0D8D344BEF48402C991FE7A7AB284075B46B4B56EF4840","110000","substation","distribution","w162545517","http://www.osm.org/way/162545517","50","Umspannwerk Tirschenreuth","NA","E.ON Netz GmbH","no","1","1",
"11.490318522054","51.6407917754407","1234","11.490318522054","51.6407917754407","0101000020E61000009CB081070BFB26402888037705D24940","0103000020E6100000010000000500000057FFB7BDA9FA2640DE5DC46D0DD249401D64EACE42FB264013BC34B313D24940F7751DFE68FB264001F1C8E8FCD149401A126218D6FA26401AF4696CF7D1494057FFB7BDA9FA2640DE5DC46D0DD24940","110000","substation","distribution","w167276957","http://www.osm.org/way/167276957","50","NA","NA","50Hertz","no","1","1",
"11.6466631079677","51.0075356537561","1616","11.6466631079677","51.0075356537561","0101000020E61000009880486D174B2740DE37A5EDF6804940","0103000020E6100000010000000A000000977871FFE04A27408CA9B122EC80494066B2B90EE24A27401D8034AC0281494084467CCE244B2740571196EE02814940DA74D2DE2A4B2740E417F654028149408478D5D62F4B274018C0116CFF8049400509FD0E394B27402D48F76DFF80494041ADAD3D404B2740B23C4B7AFF804940E5A57395504B2740D6F9B097FF80494048592629514B274093983E06EC804940977871FFE04A27408CA9B122EC804940","110000","substation","distribution","w176230318","http://www.osm.org/way/176230318","50","NA","NA","NA","no","1","1",
"9.03738299418139","48.7043596782951","3447","9.03738299418139","48.7043596782951","0101000020E610000009DF22DD2313224001733B75285A4840","0103000020E6100000010000000A00000003C326ECC31222403D8463351E5A4840F921AA7AC812224033F0BC54345A48402AC6FFA6FD122240D85F8520345A484002B7F0D30A13224079F47A6F335A4840C7E5E166241322406631AE35325A48403E5F6F9C93132240779C6EC82E5A484064E36162811322407918B6F91D5A4840D4EF32FD4D132240488C047A1E5A4840A50E7BE0FE1222408EB9FFD91E5A484003C326ECC31222403D8463351E5A4840","110000","station","NA","w23099117","http://www.osm.org/way/23099117","50","Umspannwerk Sindelfingen-Mahdental","NA","NA","no","1","1",
"9.05163684981335","48.6456923604242","3449","9.05163684981335","48.6456923604242","0101000020E6100000026F2A25701A224049A6190CA6524840","0103000020E6100000010000000E000000CF0C9116071A2240242BE3A2AA5248407A721309BA1A2240A183D7F4B25248403A0BB85CD31A2240251C064DA1524840DC471BF38A1A2240EAE1BEDE9D524840C1449D3A231A2240E82BB1D898524840047491C01B1A224019E452A49F524840865259391D1A2240AA10A72EA152484047874B7C201A2240220280B4A252484095EDE168281A2240569144EBA2524840C4012D2C261A2240C2C33BDFA3524840E16FB21F241A2240C43FCBBCA4524840A4F25111191A224058C9EF86A5524840DFF5B9860A1A224066C849F7A7524840CF0C9116071A2240242BE3A2AA524840","110000","station","NA","w23193978","http://www.osm.org/way/23193978","NA","NA","NA","EnBW","no","2","1",
"8.39655112419052","50.2378185018621","911","8.39655112419052","50.2378185018621","0101000020E6100000402EBBBF08CB2040D2F02FD6701E4940","0103000020E61000000100000009000000F0C3CD337BCA2040EF5CB0D26C1E49400E487FD389CA2040603B4C83781E494000FE44BC47CB204071FF4E3A7B1E49401DA826BAA1CB2040ADC5C1D26B1E494082CAC8FEACCB2040EB2A1757681E49401A72D8CD28CB2040B5865DAD681E494097FDEA5F13CB204060163CBE681E49401B206AF3AECA204039145A0B691E4940F0C3CD337BCA2040EF5CB0D26C1E4940","110000","sub_station","NA","w23266120","http://www.osm.org/way/23266120","NA","Umspannwerk Oberems","NA","NA","no","2","1",
"8.60355462295202","52.0442552311863","2783","8.60355462295202","52.0442552311863","0101000020E61000006ADB8D1C05352140A74FC927AA054A40","0103000020E6100000010000000F000000B40687F3A5342140202B7B66B0054A403E759AFBBD34214002DB1D23B1054A407D720E2FBF342140E2186103BB054A403DF96E4C3C3521406A11B4F6BB054A402A5EBFD244352140DD2C88AFB4054A40D8ECEB4548352140EF8505E9B1054A40E27C44435835214061A43EC5A3054A40F197D3296035214026DB9EAB9B054A4096D3236C603521406B25042E9B054A40A3D4AB9EDC34214066577F4397054A406125BECFE03421404A7BA12C98054A405F683B4CD7342140AE7A0F29A0054A4093FCA6A2C4342140268BD9BF9F054A40CA74E59CB73421408717019CA0054A40B40687F3A5342140202B7B66B0054A40","110000","substation","distribution","w27781335","http://www.osm.org/way/27781335","50","NA","NA","Stadtwerke Bielefeld GmbH","no","1","1",
"8.68266693236092","50.4372031551658","2376","8.68266693236092","50.4372031551658","0101000020E6100000001A2985865D21408F92E245F6374940","0103000020E610000001000000070000007E504608495D214012442060EB37494095DADE7B4E5D2140895F99AC02384940A520998ACD5D214010E9307CFF3749405524C3CCBE5D2140D9E9DD61EC37494024D916C9905D21403090B02EEB374940FBA3D797525D21401E9B071FEA3749407E504608495D214012442060EB374940","110000","substation","NA","w32865944","http://www.osm.org/way/32865944","NA","NA","NA","NA","no","2","1",
"9.46964466032217","48.4270387149546","3492","9.46964466032217","48.4270387149546","0101000020E610000043A6D14375F022408F6D6134A9364840","0103000020E61000000100000006000000C0A904600AF022404B40C8DBB536484071372BED4FF022403E54FB24C0364840E4DD09F3A4F02240B69D1920AD364840083A7F68ECF022407149C1EC9D3648400052AA727FF02240A9DF820694364840C0A904600AF022404B40C8DBB5364840","110000","substation","distribution","w33052880","http://www.osm.org/way/33052880","50","Umspannwerk Münsingen","NA","EnBW","no","1","1",
"11.7787087794256","48.1127443250083","598","11.7787087794256","48.1127443250083","0101000020E6100000667BC9EAB28E2740365CF2676E0E4840","0103000020E61000000100000005000000AA3DD6B35E8E27405EA4FAC46E0E48404F4BA8F5CE8E274019B1FF5A7B0E4840F6487685048F2740360047B36D0E48403B95D1059B8E27407D50059C610E4840AA3DD6B35E8E27405EA4FAC46E0E4840","110000","substation","distribution","w34070588","http://www.osm.org/way/34070588","50","Umspannwerk Vaterstetten","NA","EON_Netz","no","1","1",
"13.7133505430119","51.1284546304414","2266","13.7133505430119","51.1284546304414","0101000020E6100000E6A349483C6D2B4005628A3371904940","0103000020E6100000010000000A0000005DA97628C16C2B40B754B69D6C9049401D05AC1DC76C2B40ADE7C5226F904940504B5D57C96C2B40C0E1BA2070904940BC7849AAC26C2B40E56E6946719049409EA0DC3DDF6C2B40923C8DF97E904940F3B2F883F16C2B40042318938090494021DB0825B26D2B409BD4073F769049407FC61571A76D2B407917945C6890494012830AE0966D2B401B1ED148619049405DA97628C16C2B40B754B69D6C904940","110000","substation","distribution","w35452007","http://www.osm.org/way/35452007","50","Umspannwerk Dresden-Wilschdorf","NA","DREWAG","no","1","1",
"9.95699633283146","51.5624733990994","3026","9.95699633283146","51.5624733990994","0101000020E61000005FCE5F6CFBE923404100DB20FFC74940","0103000020E610000001000000070000003DAE0DBBA9E92340B74C9D52F7C749402C45D125B0E92340A4BCE63708C849407541732BD9E92340EADDF79A07C849405741896E4FEA23407DDD613006C84940B8E925AC47EA234033C70584F6C74940CD6FE317D2E923401DF19A61F7C749403DAE0DBBA9E92340B74C9D52F7C74940","110000","substation","distribution","w356064109","http://www.osm.org/way/356064109","50","Umspannwerk Weende","NA","EAM;AVACON","no","1","1",
"13.2253211133965","54.2075796808062","3233","13.2253211133965","54.2075796808062","0101000020E6100000D745FA495D732A403D3092F8911A4B40","0103000020E610000001000000080000000DEBF7BC37732A4095F309D18E1A4B4019A2AD483D732A40361EEDE7951A4B40E36BE6E482732A40F8819764951A4B40802D17447D732A406FB67E178E1A4B402D42588C60732A40377358368E1A4B40506271F74B732A40FFCA17478E1A4B40014A6EDD42732A40FA163C858E1A4B400DEBF7BC37732A4095F309D18E1A4B40","110000","substation","distribution","w369857635","http://www.osm.org/way/369857635","NA","Falkenhagen","NA","EON_edis","no","2","1",
"9.05894347562372","51.7433845897097","3349","9.05894347562372","51.7433845897097","0101000020E61000009F3BD8D62D1E2240A393EA3927DF4940","0103000020E6100000010000000500000037DB13B1BA1D2240D6B5089A36DF4940882965B73C1E22405687F3A63EDF4940F59DB6FCA01E224081D221DA17DF4940A44F65F61E1E2240EDB9B1CC0FDF494037DB13B1BA1D2240D6B5089A36DF4940","110000","substation","distribution","w42681779","http://www.osm.org/way/42681779","50","NA","NA","EON_Mitte","no","1","1",
"7.43289834559493","51.5337698788417","2612","7.43289834559493","51.5337698788417","0101000020E6100000784A33B449BB1D40829B469252C44940","0103000020E6100000010000000E0000005755B14ECABA1D4046FA53744AC44940CE87D991CEBA1D40C65B3EE256C44940D3DD49BEAFBB1D400178A9F95EC4494040E4E5F0ACBB1D406763D6EF56C4494035B84C72ACBB1D402F976D9555C4494093449509BEBB1D409294359155C44940BC9020A9BDBB1D40C607A44153C449405495C116B5BB1D407709FC4353C44940E378DF5BB4BB1D40F56091EB4FC449408E7CEFC1B2BB1D40336E3EC64CC44940D6412319B2BB1D404B1045744BC449401D600D07B2BB1D405007B39C49C449405210C0958CBB1D40013053C049C449405755B14ECABA1D4046FA53744AC44940","110000","sub_station","NA","w53560654","http://www.osm.org/way/53560654","NA","Eving","NA","RWE","no","2","1",
"13.4127760128753","52.8715048558159","197","13.4127760128753","52.8715048558159","0101000020E6100000EDBEA76057D32A4071049B788D6F4A40","0103000020E610000001000000060000001414536E03D32A40FF54472E886F4A403FA87D9E11D32A407B957148966F4A40AF22F7DD4BD32A40F76465F2946F4A4081FC7452ABD32A4001E0EDC2926F4A40F40D4E259DD32A40C7C635A9846F4A401414536E03D32A40FF54472E886F4A40","110000","substation","distribution","w55251124","http://www.osm.org/way/55251124","50","Liebenwalde","NA","EON_edis","no","1","1",
"11.3773222638715","48.1290907438907","653","11.3773222638715","48.1290907438907","0101000020E6100000F3C23E6230C126400F9DA50B86104840","0103000020E6100000010000000F000000B87F8C6208C12640218F55658A104840190CE26713C1264097478F8B8A1048403947086D48C12640CC6A8B328B10484030CDDB1B49C1264043FB37A8891048403E0FAEB453C12640DCDEEAC989104840401AD17855C126409FE8EDCB89104840320A58E855C12640103A5D1789104840C19FE25A56C1264013C44B62881048402AF404F258C1264072D96AD8811048409C16023936C126409622C56A81104840E1F762EC2FC126407054AE5B811048402D48CD2C27C12640FDEAFC3A81104840F52E53E717C12640D22D330A81104840CE0925D60DC126403ACFAC5A81104840B87F8C6208C12640218F55658A104840","110000","substation","NA","w56220633","http://www.osm.org/way/56220633","NA","Umspannwerk Germering","NA","E.ON Netz GmbH","no","1","1",
"9.85278430309625","54.1730655703163","1816","9.85278430309625","54.1730655703163","0101000020E61000005CAEE824A0B4234038493A0327164B40","0103000020E6100000010000000D000000A44277182EB423404D7D292C29164B40C7E7849648B423405A106CFA2A164B40F896F01886B4234052F42C272F164B40BF2EA962D4B4234064CE57E134164B404ED437870FB523407470E96B25164B40163CE4BAADB42340811845A51D164B40A330267498B423401FE36D311C164B4003B265239BB4234077CAD42F1B164B402F4195897DB42340826B420619164B40F3EA849B6EB4234046D0CE741A164B40B5A598214BB4234055C6DDD122164B404CEDB60B39B423407854617725164B40A44277182EB423404D7D292C29164B40","110000","substation","distribution","w71270250","http://www.osm.org/way/71270250","50","UW Nortorf","STUW 47041","Schleswig-Holstein Netz AG","no","1","1",
"10.232529027292","54.0634847916502","3191","10.232529027292","54.0634847916502","0101000020E6100000192E6F0B0E7724402AF7074520084B40","0103000020E6100000010000000B0000000682C8D9C07624406D4D01D417084B40EAA968DBD6762440B73825B01D084B405B89DB37C4762440EDEC66BB20084B4052CC24FCD47624406C067C4726084B40E7346B0CE9762440399410EB2C084B409DFA2C780277244028A378052B084B402B7470B215772440904F068A30084B4078F520A760772440DFFE537924084B40F3F00EF420772440EA4F919D10084B4054B5F2690677244077EBEF9B12084B400682C8D9C07624406D4D01D417084B40","110000","substation","distribution","w87861865","http://www.osm.org/way/87861865","50","NA","NA","NA","no","1","1",
"9.64819865943877","54.084352155301","1827","9.64819865943877","54.084352155301","0101000020E61000007D33D7B1E04B2340B22E2A0DCC0A4B40","0103000020E61000000100000008000000D0A2056D814B23400B3D6B2CD10A4B40F27231A5194C23400EFE0004D40A4B401A3FB68D1C4C2340E5C1172BD10A4B40FD4A0F57454C23404B1BC134D20A4B409970FF344F4C23406021C579CA0A4B4069A05E1EF24B2340EE10A875C50A4B40C96555E88E4B23408705C1FFC20A4B40D0A2056D814B23400B3D6B2CD10A4B40","110000","substation","distribution","w88441855","http://www.osm.org/way/88441855","NA","Hohenwestedt","STUW47250","Schleswig-Holstein Netz AG","no","2","1",
"10.5382977813798","53.3863443349294","3211","10.5382977813798","53.3863443349294","0101000020E610000051124DC49B13254024C22DBB73B14A40","0103000020E6100000010000000700000038DDC299561325407C71DDF27AB14A407DEF5C93AA132540DBFC07B37FB14A40132B4565DF132540104CB6B16BB14A40F7A1A5699E1325404C6600F867B14A400D27431378132540A165CD616EB14A40B4140DF17213254030FEBB4F70B14A4038DDC299561325407C71DDF27AB14A40","110000","substation","distribution","w98399164","http://www.osm.org/way/98399164","50","Umspannwerk Lauenburg/Elbe","NA","NA","no","1","1",
